{"initial_reset_timestamp": 652708.926095625, "timestamps": [652711.449898041, 652713.770614791, 652716.521306666, 652721.1174675, 652727.060486708, 652729.596301791, 652730.677446166, 652731.945446291, 652733.413781333, 652735.517391833], "episode_lengths": [12, 11, 13, 22, 28, 12, 5, 6, 7, 10], "episode_rewards": [0.0, 0.0, 0.0, 0.0, 0.0, 0.0, 0.0, 0.0, 0.0, 0.0], "episode_types": ["t", "t", "t", "t", "t", "t", "t", "t", "t", "t"]}