{"initial_reset_timestamp": 653250.251923541, "timestamps": [653257.788978375, 653258.754585833, 653259.945425, 653265.098085625, 653269.680989791, 653272.534601, 653273.731512458, 653278.779317916, 653281.154405083, 653283.0361075], "episode_lengths": [18, 4, 5, 22, 15, 12, 5, 21, 10, 8], "episode_rewards": [0.0, 0.0, 0.0, 0.0, 0.0, 0.0, 0.0, 0.0, 0.0, 0.0], "episode_types": ["t", "t", "t", "t", "t", "t", "t", "t", "t", "t"]}